{
  "experiment_name": "extreme_penalty_comparison",
  "description": "Pedagogical vs Realistic network capacity comparison",
  "config": {
    "experiment_name": "extreme_penalty_sweep",
    "model_type": "extreme_penalty",
    "network": {
      "feature_dim": 10,
      "output_dim": 3,
      "hidden_dims": [
        64,
        32,
        16
      ],
      "activation": "relu"
    },
    "dataset": {
      "base_examples": 10000,
      "test_examples": 2000,
      "correlation_levels": [
        0.8,
        0.4,
        0.1
      ]
    },
    "training": {
      "epochs": 50,
      "learning_rate": 0.001,
      "batch_size": 32
    },
    "sweep": {
      "parameter": "penalty_magnitude",
      "values": [
        1,
        10,
        100,
        1000,
        10000
      ]
    },
    "metrics": [
      "overcorrection_rate",
      "gradient_magnitude_ratio",
      "weight_change_per_layer",
      "generalization_breadth"
    ],
    "output": {
      "figures": [
        "generalization_curve",
        "gradient_heatmap",
        "weight_change_distribution"
      ],
      "data_formats": [
        "csv",
        "json"
      ]
    },
    "seed": 42,
    "num_seeds": 1
  },
  "results": [
    {
      "overcorrection_r0.8": 0.055837564170360565,
      "risky_to_safe_r0.8": 0.055837564170360565,
      "risky_to_neutral_r0.8": 0.04060913622379303,
      "risky_to_risky_r0.8": 0.903553307056427,
      "overcorrection_r0.4": 0.028436018154025078,
      "risky_to_safe_r0.4": 0.028436018154025078,
      "risky_to_neutral_r0.4": 0.0758293867111206,
      "risky_to_risky_r0.4": 0.8957346081733704,
      "overcorrection_r0.1": 0.031111111864447594,
      "risky_to_safe_r0.1": 0.031111111864447594,
      "risky_to_neutral_r0.1": 0.03999999910593033,
      "risky_to_risky_r0.1": 0.9288889169692993,
      "test_accuracy": 0.9274274110794067,
      "accuracy_class_0": 0.9308176040649414,
      "accuracy_class_1": 0.9396433234214783,
      "accuracy_class_2": 0.9099525809288025,
      "penalty_magnitude": 1,
      "final_loss": 0.32119729036500877,
      "experiment": "pedagogical",
      "num_trauma": 20,
      "hidden_dims": "[16, 8]"
    },
    {
      "overcorrection_r0.8": 0.055837564170360565,
      "risky_to_safe_r0.8": 0.055837564170360565,
      "risky_to_neutral_r0.8": 0.04060913622379303,
      "risky_to_risky_r0.8": 0.903553307056427,
      "overcorrection_r0.4": 0.028436018154025078,
      "risky_to_safe_r0.4": 0.028436018154025078,
      "risky_to_neutral_r0.4": 0.08056872338056564,
      "risky_to_risky_r0.4": 0.8909952640533447,
      "overcorrection_r0.1": 0.031111111864447594,
      "risky_to_safe_r0.1": 0.031111111864447594,
      "risky_to_neutral_r0.1": 0.04444444552063942,
      "risky_to_risky_r0.1": 0.9244444370269775,
      "test_accuracy": 0.9254254102706909,
      "accuracy_class_0": 0.9292452931404114,
      "accuracy_class_1": 0.9382715821266174,
      "accuracy_class_2": 0.9067930579185486,
      "penalty_magnitude": 10,
      "final_loss": 0.31774933837876196,
      "experiment": "pedagogical",
      "num_trauma": 20,
      "hidden_dims": "[16, 8]"
    },
    {
      "overcorrection_r0.8": 0.055837564170360565,
      "risky_to_safe_r0.8": 0.055837564170360565,
      "risky_to_neutral_r0.8": 0.04568528011441231,
      "risky_to_risky_r0.8": 0.8984771370887756,
      "overcorrection_r0.4": 0.028436018154025078,
      "risky_to_safe_r0.4": 0.028436018154025078,
      "risky_to_neutral_r0.4": 0.08530806005001068,
      "risky_to_risky_r0.4": 0.8862559199333191,
      "overcorrection_r0.1": 0.031111111864447594,
      "risky_to_safe_r0.1": 0.031111111864447594,
      "risky_to_neutral_r0.1": 0.04888888821005821,
      "risky_to_risky_r0.1": 0.9200000166893005,
      "test_accuracy": 0.9254254102706909,
      "accuracy_class_0": 0.9308176040649414,
      "accuracy_class_1": 0.9410150647163391,
      "accuracy_class_2": 0.902053713798523,
      "penalty_magnitude": 100,
      "final_loss": 0.31884151849017783,
      "experiment": "pedagogical",
      "num_trauma": 20,
      "hidden_dims": "[16, 8]"
    },
    {
      "overcorrection_r0.8": 0.055837564170360565,
      "risky_to_safe_r0.8": 0.055837564170360565,
      "risky_to_neutral_r0.8": 0.04060913622379303,
      "risky_to_risky_r0.8": 0.903553307056427,
      "overcorrection_r0.4": 0.028436018154025078,
      "risky_to_safe_r0.4": 0.028436018154025078,
      "risky_to_neutral_r0.4": 0.08530806005001068,
      "risky_to_risky_r0.4": 0.8862559199333191,
      "overcorrection_r0.1": 0.031111111864447594,
      "risky_to_safe_r0.1": 0.031111111864447594,
      "risky_to_neutral_r0.1": 0.03999999910593033,
      "risky_to_risky_r0.1": 0.9288889169692993,
      "test_accuracy": 0.9229229092597961,
      "accuracy_class_0": 0.9292452931404114,
      "accuracy_class_1": 0.9314128756523132,
      "accuracy_class_2": 0.9067930579185486,
      "penalty_magnitude": 1000,
      "final_loss": 0.33162327811928693,
      "experiment": "pedagogical",
      "num_trauma": 20,
      "hidden_dims": "[16, 8]"
    },
    {
      "overcorrection_r0.8": 0.055837564170360565,
      "risky_to_safe_r0.8": 0.055837564170360565,
      "risky_to_neutral_r0.8": 0.05076142027974129,
      "risky_to_risky_r0.8": 0.893401026725769,
      "overcorrection_r0.4": 0.028436018154025078,
      "risky_to_safe_r0.4": 0.028436018154025078,
      "risky_to_neutral_r0.4": 0.08530806005001068,
      "risky_to_risky_r0.4": 0.8862559199333191,
      "overcorrection_r0.1": 0.031111111864447594,
      "risky_to_safe_r0.1": 0.031111111864447594,
      "risky_to_neutral_r0.1": 0.04888888821005821,
      "risky_to_risky_r0.1": 0.9200000166893005,
      "test_accuracy": 0.9144144058227539,
      "accuracy_class_0": 0.9213836193084717,
      "accuracy_class_1": 0.9204389452934265,
      "accuracy_class_2": 0.900473952293396,
      "penalty_magnitude": 10000,
      "final_loss": 0.37450659671311926,
      "experiment": "pedagogical",
      "num_trauma": 20,
      "hidden_dims": "[16, 8]"
    },
    {
      "overcorrection_r0.8": 0.057894736528396606,
      "risky_to_safe_r0.8": 0.057894736528396606,
      "risky_to_neutral_r0.8": 0.04736842215061188,
      "risky_to_risky_r0.8": 0.8947368264198303,
      "overcorrection_r0.4": 0.028436018154025078,
      "risky_to_safe_r0.4": 0.028436018154025078,
      "risky_to_neutral_r0.4": 0.08530806005001068,
      "risky_to_risky_r0.4": 0.8862559199333191,
      "overcorrection_r0.1": 0.031111111864447594,
      "risky_to_safe_r0.1": 0.031111111864447594,
      "risky_to_neutral_r0.1": 0.03999999910593033,
      "risky_to_risky_r0.1": 0.9288889169692993,
      "test_accuracy": 0.9149149060249329,
      "accuracy_class_0": 0.9193037748336792,
      "accuracy_class_1": 0.9202702641487122,
      "accuracy_class_2": 0.9041533470153809,
      "penalty_magnitude": 1,
      "final_loss": 0.29254903009952826,
      "experiment": "realistic",
      "num_trauma": 5,
      "hidden_dims": "[64, 32, 16]"
    },
    {
      "overcorrection_r0.8": 0.05263157933950424,
      "risky_to_safe_r0.8": 0.05263157933950424,
      "risky_to_neutral_r0.8": 0.05263157933950424,
      "risky_to_risky_r0.8": 0.8947368264198303,
      "overcorrection_r0.4": 0.028436018154025078,
      "risky_to_safe_r0.4": 0.028436018154025078,
      "risky_to_neutral_r0.4": 0.08530806005001068,
      "risky_to_risky_r0.4": 0.8862559199333191,
      "overcorrection_r0.1": 0.031111111864447594,
      "risky_to_safe_r0.1": 0.031111111864447594,
      "risky_to_neutral_r0.1": 0.04444444552063942,
      "risky_to_risky_r0.1": 0.9244444370269775,
      "test_accuracy": 0.912912905216217,
      "accuracy_class_0": 0.9003164768218994,
      "accuracy_class_1": 0.9324324131011963,
      "accuracy_class_2": 0.9025558829307556,
      "penalty_magnitude": 10,
      "final_loss": 0.2936896202615656,
      "experiment": "realistic",
      "num_trauma": 5,