{
  "experiment_name": "extreme_penalty_sweep",
  "model_type": "extreme_penalty",
  "config": {
    "experiment_name": "extreme_penalty_sweep",
    "model_type": "extreme_penalty",
    "network": {
      "feature_dim": 10,
      "output_dim": 3,
      "hidden_dims": [
        64,
        32,
        16
      ],
      "activation": "relu"
    },
    "dataset": {
      "base_examples": 10000,
      "test_examples": 2000,
      "correlation_levels": [
        0.8,
        0.4,
        0.1
      ]
    },
    "training": {
      "epochs": 50,
      "learning_rate": 0.001,
      "batch_size": 32
    },
    "sweep": {
      "parameter": "penalty_magnitude",
      "values": [
        1,
        10,
        100,
        1000,
        10000
      ]
    },
    "metrics": [
      "overcorrection_rate",
      "gradient_magnitude_ratio",
      "weight_change_per_layer",
      "generalization_breadth"
    ],
    "output": {
      "figures": [
        "generalization_curve",
        "gradient_heatmap",
        "weight_change_distribution"
      ],
      "data_formats": [
        "csv",
        "json"
      ]
    },
    "seed": 42,
    "num_seeds": 1
  },
  "results": [
    {
      "penalty_magnitude": 1,
      "final_loss": 0.29254903009952826,
      "normal_overcorrection_r0.8": 0.057894736528396606,
      "normal_risky_to_safe_r0.8": 0.057894736528396606,
      "normal_risky_to_neutral_r0.8": 0.04736842215061188,
      "normal_risky_to_risky_r0.8": 0.8947368264198303,
      "normal_overcorrection_r0.4": 0.028436018154025078,
      "normal_risky_to_safe_r0.4": 0.028436018154025078,
      "normal_risky_to_neutral_r0.4": 0.08530806005001068,
      "normal_risky_to_risky_r0.4": 0.8862559199333191,
      "normal_overcorrection_r0.1": 0.031111111864447594,
      "normal_risky_to_safe_r0.1": 0.031111111864447594,
      "normal_risky_to_neutral_r0.1": 0.03999999910593033,
      "normal_risky_to_risky_r0.1": 0.9288889169692993,
      "normal_test_accuracy": 0.9149149060249329,
      "normal_accuracy_class_0": 0.9193037748336792,
      "normal_accuracy_class_1": 0.9202702641487122,
      "normal_accuracy_class_2": 0.9041533470153809,
      "adjacent_overcorrection_r0.8": 0.047101449221372604,
      "adjacent_risky_to_safe_r0.8": 0.047101449221372604,
      "adjacent_risky_to_neutral_r0.8": 0.37681159377098083,
      "adjacent_risky_to_risky_r0.8": 0.5760869383811951,
      "adjacent_overcorrection_r0.4": 0.03971119225025177,
      "adjacent_risky_to_safe_r0.4": 0.03971119225025177,
      "adjacent_risky_to_neutral_r0.4": 0.46570396423339844,
      "adjacent_risky_to_risky_r0.4": 0.4945848286151886,
      "adjacent_overcorrection_r0.1": 0.05244755372405052,
      "adjacent_risky_to_safe_r0.1": 0.05244755372405052,
      "adjacent_risky_to_neutral_r0.1": 0.4020979106426239,
      "adjacent_risky_to_risky_r0.1": 0.5454545617103577,
      "adjacent_test_accuracy": 0.5199999809265137,
      "adjacent_accuracy_class_0": 0.029411764815449715,
      "adjacent_accuracy_class_1": 0.5555555820465088,
      "adjacent_accuracy_class_2": 0.5387365818023682
    },
    {
      "penalty_magnitude": 10,
      "final_loss": 0.2936896202615656,
      "normal_overcorrection_r0.8": 0.05263157933950424,
      "normal_risky_to_safe_r0.8": 0.05263157933950424,
      "normal_risky_to_neutral_r0.8": 0.05263157933950424,
      "normal_risky_to_risky_r0.8": 0.8947368264198303,
      "normal_overcorrection_r0.4": 0.028436018154025078,
      "normal_risky_to_safe_r0.4": 0.028436018154025078,
      "normal_risky_to_neutral_r0.4": 0.08530806005001068,
      "normal_risky_to_risky_r0.4": 0.8862559199333191,
      "normal_overcorrection_r0.1": 0.031111111864447594,
      "normal_risky_to_safe_r0.1": 0.031111111864447594,
      "normal_risky_to_neutral_r0.1": 0.04444444552063942,
      "normal_risky_to_risky_r0.1": 0.9244444370269775,
      "normal_test_accuracy": 0.912912905216217,
      "normal_accuracy_class_0": 0.9003164768218994,
      "normal_accuracy_class_1": 0.9324324131011963,
      "normal_accuracy_class_2": 0.9025558829307556,
      "adjacent_overcorrection_r0.8": 0.27173912525177,
      "adjacent_risky_to_safe_r0.8": 0.27173912525177,
      "adjacent_risky_to_neutral_r0.8": 0.26811593770980835,
      "adjacent_risky_to_risky_r0.8": 0.46014493703842163,
      "adjacent_overcorrection_r0.4": 0.30685919523239136,
      "adjacent_risky_to_safe_r0.4": 0.30685919523239136,
      "adjacent_risky_to_neutral_r0.4": 0.288808673620224,
      "adjacent_risky_to_risky_r0.4": 0.40433213114738464,
      "adjacent_overcorrection_r0.1": 0.3041957914829254,
      "adjacent_risky_to_safe_r0.1": 0.3041957914829254,
      "adjacent_risky_to_neutral_r0.1": 0.24475523829460144,
      "adjacent_risky_to_risky_r0.1": 0.45104894042015076,
      "adjacent_test_accuracy": 0.42888888716697693,
      "adjacent_accuracy_class_0": 0.14705882966518402,
      "adjacent_accuracy_class_1": 0.48148149251937866,
      "adjacent_accuracy_class_2": 0.43861740827560425
    },
    {
      "penalty_magnitude": 100,
      "final_loss": 0.2990542953482832,
      "normal_overcorrection_r0.8": 0.057894736528396606,
      "normal_risky_to_safe_r0.8": 0.057894736528396606,
      "normal_risky_to_neutral_r0.8": 0.04210526496171951,
      "normal_risky_to_risky_r0.8": 0.8999999761581421,
      "normal_overcorrection_r0.4": 0.028436018154025078,
      "normal_risky_to_safe_r0.4": 0.028436018154025078,
      "normal_risky_to_neutral_r0.4": 0.09004739671945572,
      "normal_risky_to_risky_r0.4": 0.8815165758132935,
      "normal_overcorrection_r0.1": 0.031111111864447594,
      "normal_risky_to_safe_r0.1": 0.031111111864447594,
      "normal_risky_to_neutral_r0.1": 0.035555556416511536,
      "normal_risky_to_risky_r0.1": 0.9333333373069763,
      "normal_test_accuracy": 0.9154154062271118,
      "normal_accuracy_class_0": 0.905063271522522,
      "normal_accuracy_class_1": 0.9324324131011963,
      "normal_accuracy_class_2": 0.9057508111000061,
      "adjacent_overcorrection_r0.8": 0.3297101557254791,
      "adjacent_risky_to_safe_r0.8": 0.3297101557254791,
      "adjacent_risky_to_neutral_r0.8": 0.2644927501678467,
      "adjacent_risky_to_risky_r0.8": 0.4057970941066742,
      "adjacent_overcorrection_r0.4": 0.2671480178833008,
      "adjacent_risky_to_safe_r0.4": 0.2671480178833008,
      "adjacent_risky_to_neutral_r0.4": 0.2996389865875244,
      "adjacent_risky_to_risky_r0.4": 0.4332129955291748,
      "adjacent_overcorrection_r0.1": 0.2482517510652542,
      "adjacent_risky_to_safe_r0.1": 0.2482517510652542,
      "adjacent_risky_to_neutral_r0.1": 0.29720279574394226,
      "adjacent_risky_to_risky_r0.1": 0.4545454680919647,
      "adjacent_test_accuracy": 0.42444443702697754,
      "adjacent_accuracy_class_0": 0.29411765933036804,
      "adjacent_accuracy_class_1": 0.37037035822868347,
      "adjacent_accuracy_class_2": 0.4314660429954529
    },
    {
      "penalty_magnitude": 1000,
      "final_loss": 0.3002134246971851,
      "normal_overcorrection_r0.8": 0.05263157933950424,
      "normal_risky_to_safe_r0.8": 0.05263157933950424,
      "normal_risky_to_neutral_r0.8": 0.06315789371728897,
      "normal_risky_to_risky_r0.8": 0.8842105269432068,
      "normal_overcorrection_r0.4": 0.028436018154025078,
      "normal_risky_to_safe_r0.4": 0.028436018154025078,
      "normal_risky_to_neutral_r0.4": 0.09004739671945572,
      "normal_risky_to_risky_r0.4": 0.8815165758132935,
      "normal_overcorrection_r0.1": 0.031111111864447594,
      "normal_risky_to_safe_r0.1": 0.031111111864447594,
      "normal_risky_to_neutral_r0.1": 0.057777777314186096,
      "normal_risky_to_risky_r0.1": 0.9111111164093018,
      "normal_test_accuracy": 0.9099099040031433,
      "normal_accuracy_class_0": 0.8939873576164246,
      "normal_accuracy_class_1": 0.9378378391265869,
      "normal_accuracy_class_2": 0.8929712176322937,
      "adjacent_overcorrection_r0.8": 0.35144928097724915,
      "adjacent_risky_to_safe_r0.8": 0.35144928097724915,