{
  "config": {
    "caregiver_counts": [
      2,
      5,
      10
    ],
    "n_trials": 10,
    "interactions_per_caregiver": 500,
    "test_caregivers": 50,
    "test_interactions": 40,
    "epochs": 100,
    "learning_rate": 0.001,
    "batch_size": 32,
    "base_seed": 42
  },
  "raw_data": {
    "2": {
      "train_error": [
        0.001666113967075944,
        0.0028861071914434433,
        0.0015688841231167316,
        0.0042292894795536995,
        0.0019193353364244103,
        0.0037088391836732626,
        0.007962665520608425,
        0.0008350821444764733,
        0.002878537168726325,
        0.002620805986225605
      ],
      "test_error": [
        0.008750438690185547,
        0.010963639244437218,
        0.022299014031887054,
        0.009928486309945583,
        0.013634195551276207,
        0.022978732362389565,
        0.027466222643852234,
        0.008965907618403435,
        0.03927595540881157,
        0.02691369317471981
      ],
      "generalization_gap": [
        0.007084324723109603,
        0.008077532052993774,
        0.020730129908770323,
        0.005699196830391884,
        0.011714860214851797,
        0.019269893178716302,
        0.01950355712324381,
        0.008130825473926961,
        0.036397418240085244,
        0.024292887188494205
      ],
      "weight_l2_norm": [
        5.008051464104356,
        5.181572068106338,
        5.144174991066764,
        5.240841963542947,
        5.281717603439688,
        5.336096475000723,
        6.211085633844564,
        5.250964284837802,
        5.076601817316933,
        5.022769354542153
      ],
      "effective_rank_layer1": [
        11.034456363381455,
        10.956451995214767,
        10.483028619521326,
        11.552143057175748,
        11.302923333778933,
        11.840544505435401,
        12.508413344432974,
        10.11463319776642,
        12.110602817910312,
        11.240287109065065
      ],
      "effective_rank_layer2": [
        8.753006812860836,
        9.171074059357156,
        9.95215350988694,
        8.3790002458407,
        9.967847948567192,
        9.082943972257565,
        9.200039981781767,
        8.998653191924364,
        9.17003999411028,
        9.622276829551968
      ]
    },
    "5": {
      "train_error": [
        0.0030800793319940567,
        0.009642601013183594,
        0.004307467956095934,
        0.008150654844939709,
        0.004896141588687897,
        0.009880881756544113,
        0.008363258093595505,
        0.004342461936175823,
        0.007729201577603817,
        0.006603542249649763
      ],
      "test_error": [
        0.009334268979728222,
        0.010861807502806187,
        0.015188970603048801,
        0.01211670320481062,
        0.011759056709706783,
        0.019539890810847282,
        0.016998635604977608,
        0.016348712146282196,
        0.02310093119740486,
        0.011055970564484596
      ],
      "generalization_gap": [
        0.006254189647734165,
        0.001219206489622593,
        0.010881502646952868,
        0.003966048359870911,
        0.0068629151210188866,
        0.00965900905430317,
        0.008635377511382103,
        0.012006250210106373,
        0.015371729619801044,
        0.004452428314834833
      ],
      "weight_l2_norm": [
        5.327750244902919,
        5.834836498314206,
        5.502196064867785,
        5.59206441523801,
        5.822697922779358,
        6.154050990997417,
        6.705952942024831,
        5.519323138283799,
        5.5618642515864325,
        5.554931655897495
      ],
      "effective_rank_layer1": [
        10.532647708379379,
        11.677231448457531,
        10.728353026260091,
        11.129916402338145,
        11.175993618427315,
        12.031579118358058,
        11.395373026589576,
        10.607403704055766,
        11.692401725128503,
        11.075883473412341
      ],
      "effective_rank_layer2": [
        9.437915377250071,
        9.702044115821678,
        9.630188908373448,
        8.729224914307164,
        9.200733142791908,
        9.487039576585367,
        8.238263820633929,
        9.655004920974758,
        9.279348690137773,
        9.676904839597809
      ]
    },
    "10": {
      "train_error": [
        0.00976470299065113,
        0.009977482259273529,
        0.009404688142240047,
        0.008306695148348808,
        0.0075488006696105,
        0.009313009679317474,
        0.008006414398550987,
        0.008391189388930798,
        0.008429054170846939,
        0.009217857383191586
      ],
      "test_error": [
        0.016575656831264496,
        0.01047414168715477,
        0.016561347991228104,
        0.012631175108253956,
        0.012837066315114498,
        0.017247607931494713,
        0.011398452334105968,
        0.018218498677015305,
        0.013139568269252777,
        0.017590682953596115
      ],
      "generalization_gap": [
        0.006810953840613365,
        0.0004966594278812408,
        0.007156659848988056,
        0.0043244799599051476,
        0.005288265645503998,
        0.007934598252177238,
        0.0033920379355549812,
        0.009827309288084507,
        0.004710514098405838,
        0.00837282557040453
      ],
      "weight_l2_norm": [
        6.216844289780417,
        6.021318743652176,
        5.973784839066965,
        5.95200939454175,
        6.0952578068442715,
        6.156339063823124,
        6.971663463662888,
        6.180825041803535,
        6.198596992272587,
        5.898655326932569
      ],
      "effective_rank_layer1": [
        11.764190564424823,
        11.03296186080461,
        11.453734674539657,
        11.02100326767947,
        10.920745788175966,
        11.509480956132432,
        10.77323607888514,
        11.277533412633108,
        11.171868533762545,
        11.505262463923275
      ],
      "effective_rank_layer2": [
        8.953306121230312,
        9.41129846616523,
        10.185597899749828,
        9.745146274584814,
        9.96299666363454,
        9.402561464703453,
        9.022382816520313,
        9.620811586491248,
        8.047247952805217,
        10.64064736470853
      ]
    }
  },
  "statistics": {
    "2": {
      "train_error": {
        "mean": 0.003027566010132432,
        "std": 0.0020134994071297992,
        "sem": 0.000636724419392884,
        "ci_lower": 0.0015871953040387018,
        "ci_upper": 0.004467936716226162,
        "n": 10
      },
      "test_error": {
        "mean": 0.019117628503590823,
        "std": 0.010292376372695256,
        "sem": 0.0032547351873419062,
        "ci_lower": 0.011754905986352052,
        "ci_upper": 0.026480351020829594,
        "n": 10
      },
      "generalization_gap": {
        "mean": 0.01609006249345839,
        "std": 0.009768056896378718,
        "sem": 0.0030889308106672093,
        "ci_lower": 0.009102415534546843,
        "ci_upper": 0.02307770945236994,
        "n": 10
      },
      "weight_l2_norm": {
        "mean": 5.275387565580227,
        "std": 0.3467091038076601,
        "sem": 0.10963904535479631,
        "ci_lower": 5.02736681380239,
        "ci_upper": 5.523408317358065,
        "n": 10
      },
      "effective_rank_layer1": {
        "mean": 11.314348434368242,
        "std": 0.7253883993712428,
        "sem": 0.22938795302769793,
        "ci_lower": 10.795436833354195,
        "ci_upper": 11.833260035382288,
        "n": 10
      },
      "effective_rank_layer2": {
        "mean": 9.229703654613877,
        "std": 0.5005153449064516,
        "sem": 0.15827684937691427,
        "ci_lower": 8.87165654608191,
        "ci_upper": 9.587750763145843,
        "n": 10
      }
    },
    "5": {
      "train_error": {
        "mean": 0.0066996290348470214,
        "std": 0.0024119199627397185,
        "sem": 0.0007627160616285961,
        "ci_lower": 0.004974245432810024,
        "ci_upper": 0.008425012636884019,
        "n": 10
      },
      "test_error": {
        "mean": 0.014630494732409715,