{
  "experiment_name": "extreme_penalty_comparison",
  "description": "Pedagogical vs Realistic network capacity comparison",
  "config": {
    "experiment_name": "extreme_penalty_sweep",
    "model_type": "extreme_penalty",
    "network": {
      "feature_dim": 10,
      "output_dim": 3,
      "hidden_dims": [
        64,
        32,
        16
      ],
      "activation": "relu"
    },
    "dataset": {
      "base_examples": 10000,
      "test_examples": 2000,
      "correlation_levels": [
        0.8,
        0.4,
        0.1
      ]
    },
    "training": {
      "epochs": 50,
      "learning_rate": 0.001,
      "batch_size": 32
    },
    "sweep": {
      "parameter": "penalty_magnitude",
      "values": [
        1,
        10,
        100,
        1000,
        10000
      ]
    },
    "metrics": [
      "overcorrection_rate",
      "gradient_magnitude_ratio",
      "weight_change_per_layer",
      "generalization_breadth"
    ],
    "output": {
      "figures": [
        "generalization_curve",
        "gradient_heatmap",
        "weight_change_distribution"
      ],
      "data_formats": [
        "csv",
        "json"
      ]
    },
    "seed": 42,
    "num_seeds": 1
  },
  "results": [
    {
      "overcorrection_r0.8": 0.055837564170360565,
      "risky_to_safe_r0.8": 0.055837564170360565,
      "risky_to_neutral_r0.8": 0.04060913622379303,
      "risky_to_risky_r0.8": 0.903553307056427,
      "overcorrection_r0.4": 0.028436018154025078,
      "risky_to_safe_r0.4": 0.028436018154025078,
      "risky_to_neutral_r0.4": 0.08530806005001068,
      "risky_to_risky_r0.4": 0.8862559199333191,
      "overcorrection_r0.1": 0.031111111864447594,
      "risky_to_safe_r0.1": 0.031111111864447594,
      "risky_to_neutral_r0.1": 0.0533333346247673,
      "risky_to_risky_r0.1": 0.9155555367469788,
      "test_accuracy": 0.924424409866333,
      "accuracy_class_0": 0.9245283007621765,
      "accuracy_class_1": 0.9437585473060608,
      "accuracy_class_2": 0.902053713798523,
      "penalty_magnitude": 1,
      "final_loss": 0.3209190958529521,
      "experiment": "pedagogical",
      "num_trauma": 20,
      "trauma_oversample": 10.0,
      "hidden_dims": "[16, 8]"
    },
    {
      "overcorrection_r0.8": 0.055837564170360565,
      "risky_to_safe_r0.8": 0.055837564170360565,
      "risky_to_neutral_r0.8": 0.03553299605846405,
      "risky_to_risky_r0.8": 0.9086294174194336,
      "overcorrection_r0.4": 0.028436018154025078,
      "risky_to_safe_r0.4": 0.028436018154025078,
      "risky_to_neutral_r0.4": 0.08530806005001068,
      "risky_to_risky_r0.4": 0.8862559199333191,
      "overcorrection_r0.1": 0.031111111864447594,
      "risky_to_safe_r0.1": 0.031111111864447594,
      "risky_to_neutral_r0.1": 0.0533333346247673,
      "risky_to_risky_r0.1": 0.9155555367469788,
      "test_accuracy": 0.9254254102706909,
      "accuracy_class_0": 0.9245283007621765,
      "accuracy_class_1": 0.9451302886009216,
      "accuracy_class_2": 0.9036334753036499,
      "penalty_magnitude": 10,
      "final_loss": 0.32000701108081325,
      "experiment": "pedagogical",
      "num_trauma": 20,
      "trauma_oversample": 10.0,
      "hidden_dims": "[16, 8]"
    },
    {
      "overcorrection_r0.8": 0.055837564170360565,
      "risky_to_safe_r0.8": 0.055837564170360565,
      "risky_to_neutral_r0.8": 0.03553299605846405,
      "risky_to_risky_r0.8": 0.9086294174194336,
      "overcorrection_r0.4": 0.028436018154025078,
      "risky_to_safe_r0.4": 0.028436018154025078,
      "risky_to_neutral_r0.4": 0.08530806005001068,
      "risky_to_risky_r0.4": 0.8862559199333191,
      "overcorrection_r0.1": 0.031111111864447594,
      "risky_to_safe_r0.1": 0.031111111864447594,
      "risky_to_neutral_r0.1": 0.04888888821005821,
      "risky_to_risky_r0.1": 0.9200000166893005,
      "test_accuracy": 0.923923909664154,
      "accuracy_class_0": 0.9213836193084717,
      "accuracy_class_1": 0.9423868060112,
      "accuracy_class_2": 0.9052132964134216,
      "penalty_magnitude": 100,
      "final_loss": 0.324529001904521,
      "experiment": "pedagogical",
      "num_trauma": 20,
      "trauma_oversample": 10.0,
      "hidden_dims": "[16, 8]"
    },
    {
      "overcorrection_r0.8": 0.055837564170360565,
      "risky_to_safe_r0.8": 0.055837564170360565,
      "risky_to_neutral_r0.8": 0.03553299605846405,
      "risky_to_risky_r0.8": 0.9086294174194336,
      "overcorrection_r0.4": 0.028436018154025078,
      "risky_to_safe_r0.4": 0.028436018154025078,
      "risky_to_neutral_r0.4": 0.08056872338056564,
      "risky_to_risky_r0.4": 0.8909952640533447,
      "overcorrection_r0.1": 0.031111111864447594,
      "risky_to_safe_r0.1": 0.031111111864447594,
      "risky_to_neutral_r0.1": 0.035555556416511536,
      "risky_to_risky_r0.1": 0.9333333373069763,
      "test_accuracy": 0.9224224090576172,
      "accuracy_class_0": 0.9198113083839417,
      "accuracy_class_1": 0.9341563582420349,
      "accuracy_class_2": 0.9115324020385742,
      "penalty_magnitude": 1000,
      "final_loss": 0.3376942845239381,
      "experiment": "pedagogical",
      "num_trauma": 20,
      "trauma_oversample": 10.0,
      "hidden_dims": "[16, 8]"
    },
    {
      "overcorrection_r0.8": 0.055837564170360565,
      "risky_to_safe_r0.8": 0.055837564170360565,
      "risky_to_neutral_r0.8": 0.04060913622379303,
      "risky_to_risky_r0.8": 0.903553307056427,
      "overcorrection_r0.4": 0.028436018154025078,
      "risky_to_safe_r0.4": 0.028436018154025078,
      "risky_to_neutral_r0.4": 0.09004739671945572,
      "risky_to_risky_r0.4": 0.8815165758132935,
      "overcorrection_r0.1": 0.031111111864447594,
      "risky_to_safe_r0.1": 0.031111111864447594,
      "risky_to_neutral_r0.1": 0.03999999910593033,
      "risky_to_risky_r0.1": 0.9288889169692993,
      "test_accuracy": 0.9234234094619751,
      "accuracy_class_0": 0.9245283007621765,
      "accuracy_class_1": 0.9382715821266174,
      "accuracy_class_2": 0.9052132964134216,
      "penalty_magnitude": 10000,
      "final_loss": 0.3464689473769847,
      "experiment": "pedagogical",
      "num_trauma": 20,
      "trauma_oversample": 10.0,
      "hidden_dims": "[16, 8]"
    },
    {
      "overcorrection_r0.8": 0.057894736528396606,
      "risky_to_safe_r0.8": 0.057894736528396606,
      "risky_to_neutral_r0.8": 0.04736842215061188,
      "risky_to_risky_r0.8": 0.8947368264198303,
      "overcorrection_r0.4": 0.028436018154025078,
      "risky_to_safe_r0.4": 0.028436018154025078,
      "risky_to_neutral_r0.4": 0.08530806005001068,
      "risky_to_risky_r0.4": 0.8862559199333191,
      "overcorrection_r0.1": 0.031111111864447594,
      "risky_to_safe_r0.1": 0.031111111864447594,
      "risky_to_neutral_r0.1": 0.03999999910593033,
      "risky_to_risky_r0.1": 0.9288889169692993,
      "test_accuracy": 0.9149149060249329,
      "accuracy_class_0": 0.9193037748336792,
      "accuracy_class_1": 0.9202702641487122,
      "accuracy_class_2": 0.9041533470153809,
      "penalty_magnitude": 1,
      "final_loss": 0.29254903009952826,
      "experiment": "realistic",
      "num_trauma": 5,
      "trauma_oversample": 1.0,
      "hidden_dims": "[64, 32, 16]"
    },
    {
      "overcorrection_r0.8": 0.05263157933950424,
      "risky_to_safe_r0.8": 0.05263157933950424,
      "risky_to_neutral_r0.8": 0.05263157933950424,
      "risky_to_risky_r0.8": 0.8947368264198303,
      "overcorrection_r0.4": 0.028436018154025078,
      "risky_to_safe_r0.4": 0.028436018154025078,
      "risky_to_neutral_r0.4": 0.08530806005001068,
      "risky_to_risky_r0.4": 0.8862559199333191,
      "overcorrection_r0.1": 0.031111111864447594,
      "risky_to_safe_r0.1": 0.031111111864447594,
      "risky_to_neutral_r0.1": 0.04444444552063942,
      "risky_to_risky_r0.1": 0.9244444370269775,
      "test_accuracy": 0.912912905216217,
      "accuracy_class_0": 0.9003164768218994,
      "accuracy_class_1": 0.9324324131011963,
      "accuracy_class_2": 0.9025558829307556,
      "penalty_magnitude": 10,